{
  "project_info": {
    "project_number": "584113117299",
    "project_id": "flutter-video-audio-chat-5a2c9",
    "storage_bucket": "flutter-video-audio-chat-5a2c9.appspot.com"
  },
  "client": [
    {
      "client_info": {
        "mobilesdk_app_id": "1:584113117299:android:e23f2baa2a47a8edbf3206",
        "android_client_info": {
          "package_name": "com.example.chatty"
        }
      },
      "oauth_client": [],
      "api_key": [
        {
          "current_key": "AIzaSyB12H-tzmRSIlh2EEwUzHA1lDRRE_-L5wM"
        }
      ],
      "services": {
        "appinvite_service": {
          "other_platform_oauth_client": []
        }
      }
    }
  ],
  "configuration_version": "1"
}